pair,f1,f2,status,type,attestation,frequency,identity_joins,identity_joins_pvalue,non_identity_joins
VO & PN,VO,PN,interacting,11,overattested,0.4716106604866744,0.17494125926457438,1.0,0.04492542332173842
VO & PN,VO,PN,interacting,12,underattested,0.013904982618771726,1.0258877848809341e-6,1.0,0.0037304787336944643
VO & PN,VO,PN,interacting,21,underattested,0.04171494785631518,0.001509378120592779,1.0,0.008477457333486389
VO & PN,VO,PN,interacting,22,overattested,0.4727694090382387,0.15179918882552496,1.0,0.047002131107068364
VS & VO,VS,VO,interacting,11,overattested,0.4917073170731707,0.375997904734184,1.0,0.0726141408311059
VS & VO,VS,VO,interacting,12,underattested,0.36,0.13051866681216223,1.0,0.10830651143736586
VS & VO,VS,VO,interacting,21,underattested,0.004878048780487805,2.826310791806425e-6,1.0,0.0005161718281769256
VS & VO,VS,VO,interacting,22,overattested,0.14341463414634145,0.05966939150418707,1.0,0.04682797140442685
PN & NG,PN,NG,interacting,11,overattested,0.5139949109414759,0.14918956733147964,1.0,0.015554115899410094
PN & NG,PN,NG,interacting,12,underattested,0.01653944020356234,6.203963406929443e-5,1.0,0.002727677676733903
PN & NG,PN,NG,interacting,21,underattested,0.06361323155216285,0.006552224805021547,1.0,0.010436907437880448
PN & NG,PN,NG,interacting,22,overattested,0.405852417302799,0.11631333892448031,1.0,0.014615615716023923
VS & NG,VS,NG,interacting,11,overattested,0.574398249452954,0.3128886136894078,1.0,0.03573048834022479
VS & NG,VS,NG,interacting,12,underattested,0.2713347921225383,0.08389811485601431,1.0,0.07218680111424347
VS & NG,VS,NG,interacting,21,underattested,0.019693654266958426,2.0204144300632016e-5,1.0,0.003795067424772458
VS & NG,VS,NG,interacting,22,overattested,0.13457330415754923,0.037820335259103464,1.0,0.04357040096505342
NA & NNum,NA,NNum,interacting,11,overattested,0.2626728110599078,0.1044526866355928,1.0,0.05068156449110086
NA & NNum,NA,NNum,interacting,12,underattested,0.03686635944700461,0.0025226621026146747,1.0,0.030564619012752862
NA & NNum,NA,NNum,interacting,21,underattested,0.17626728110599077,0.04930487154935402,1.0,0.015499703845503827
NA & NNum,NA,NNum,interacting,22,overattested,0.5241935483870968,0.2291489362855056,1.0,0.059821366102980396
VS & PN,VS,PN,interacting,11,overattested,0.5112960760998811,0.18030517598289797,1.0,0.04636567367521008
VS & PN,VS,PN,interacting,12,underattested,0.3281807372175981,0.07581254980923477,1.0,0.07802606917207713
VS & PN,VS,PN,interacting,21,underattested,0.016646848989298454,0.00012852396642153472,1.0,0.0016149075120771164
VS & PN,VS,PN,interacting,22,overattested,0.14387633769322236,0.034213587590553415,1.0,0.04008489216036932
VO & NG,VO,NG,interacting,11,overattested,0.46516613076098606,0.28373691589997396,1.0,0.043607946307401536
VO & NG,VO,NG,interacting,12,underattested,0.028938906752411574,0.0017345863626214665,1.0,0.018955318092036676
VO & NG,VO,NG,interacting,21,underattested,0.12111468381564845,0.011239322501269546,1.0,0.0211574061891399
VO & NG,VO,NG,interacting,22,overattested,0.38478027867095393,0.15758328360360133,1.0,0.02908647603193325
ND & NNum,ND,NNum,interacting,11,overattested,0.3431372549019608,0.05433574320322174,1.0,0.04466155739925326
ND & NNum,ND,NNum,interacting,12,underattested,0.1213235294117647,0.013559424117593333,1.0,0.10097348730622481
ND & NNum,ND,NNum,interacting,21,underattested,0.11029411764705882,0.04728515944011633,1.0,0.012561445180045396
ND & NNum,ND,NNum,interacting,22,overattested,0.4252450980392157,0.14764059554082054,1.0,0.09802350891588443
NA & NRc,NA,NRc,interacting,11,underattested,0.14146341463414633,0.008010531234803248,1.0,0.015820696632669724
NA & NRc,NA,NRc,interacting,12,overattested,0.14959349593495935,0.06777708805994008,1.0,0.020020216745185348
NA & NRc,NA,NRc,interacting,21,overattested,0.656910569105691,0.11681553121933896,1.0,0.03573033315753289
NA & NRc,NA,NRc,interacting,22,underattested,0.05203252032520325,0.0022379805996158996,1.0,0.013042160967299847
VO & NRc,VO,NRc,interacting,11,underattested,0.16507936507936508,0.008126596801122394,1.0,0.020833254723133212
VO & NRc,VO,NRc,interacting,12,overattested,0.2,0.07835459527881963,1.0,0.023467809059158656
VO & NRc,VO,NRc,interacting,21,overattested,0.6285714285714286,0.14988769259659182,1.0,0.028050917600212173
VO & NRc,VO,NRc,interacting,22,underattested,0.006349206349206349,2.762027659840731e-6,1.0,0.0003590091415961532
NA & ND,NA,ND,interacting,11,overattested,0.27855477855477856,0.0760766206205461,1.0,0.05679472416013871
NA & ND,NA,ND,interacting,12,underattested,0.026806526806526808,0.002137605494420241,1.0,0.005403971098652302
NA & ND,NA,ND,interacting,21,underattested,0.18764568764568765,0.009845015362663037,1.0,0.06924041660098422
NA & ND,NA,ND,interacting,22,overattested,0.506993006993007,0.20922964357647578,1.0,0.08418456396743107
NNum & NRc,NNum,NRc,interacting,11,underattested,0.3299145299145299,0.0434707434955062,1.0,0.0066208580115860866
NNum & NRc,NNum,NRc,interacting,12,overattested,0.1282051282051282,0.052966343733162044,1.0,0.010123694048981382
NNum & NRc,NNum,NRc,interacting,21,overattested,0.46495726495726497,0.11122812091501383,1.0,0.02021002005366288
NNum & NRc,NNum,NRc,interacting,22,underattested,0.07692307692307693,0.007837849046986221,1.0,0.015620410320768392
PN & NRc,PN,NRc,interacting,11,underattested,0.19525547445255476,0.004919911588623846,1.0,0.012678503076922558
PN & NRc,PN,NRc,interacting,12,overattested,0.19343065693430658,0.025518038626478508,1.0,0.011749315296983831
PN & NRc,PN,NRc,interacting,21,overattested,0.6076642335766423,0.11864509676198236,1.0,0.014482242590671799
PN & NRc,PN,NRc,interacting,22,underattested,0.0036496350364963502,0.0,1.0,0.00014796080027580752
NG & NRc,NG,NRc,non-interacting,11,underattested,0.2559322033898305,0.01410858589322157,1.0,0.016806152925003946
NG & NRc,NG,NRc,non-interacting,12,overattested,0.21016949152542372,0.07537554003208394,1.0,0.018915183705456754
NG & NRc,NG,NRc,non-interacting,21,overattested,0.5305084745762711,0.12415032733950516,1.0,0.02079347484620616
NG & NRc,NG,NRc,non-interacting,22,underattested,0.003389830508474576,0.0,1.0,0.00026828111866395474
PN & NA,PN,NA,non-interacting,11,overattested,0.19478908188585609,0.04066466159227841,1.0,0.02855876770482335
PN & NA,PN,NA,non-interacting,12,underattested,0.31017369727047145,0.074388492919363,1.0,0.05785745104315639
PN & NA,PN,NA,non-interacting,21,underattested,0.09801488833746898,0.009070623674428213,1.0,0.01919452195991233
PN & NA,PN,NA,non-interacting,22,overattested,0.3970223325062035,0.09932462970894082,1.0,0.05101226512434931
VS & NNum,VS,NNum,non-interacting,11,underattested,0.3068309070548712,0.10938706618858958,1.0,0.055598303051627926
VS & NNum,VS,NNum,non-interacting,12,overattested,0.5509518477043673,0.2646577689971894,1.0,0.08715658874951292
VS & NNum,VS,NNum,non-interacting,21,overattested,0.11086226203807391,0.05147341521330115,1.0,0.007271010466985126
VS & NNum,VS,NNum,non-interacting,22,underattested,0.03135498320268757,0.0025766002908059592,1.0,0.03780699666448458
VS & NRc,VS,NRc,non-interacting,11,underattested,0.6074918566775245,0.09331565016567266,1.0,0.06286579324535688
VS & NRc,VS,NRc,non-interacting,12,overattested,0.20846905537459284,0.07906748896111941,1.0,0.02342535896147751
VS & NRc,VS,NRc,non-interacting,21,overattested,0.18078175895765472,0.031178106661471052,1.0,0.04144652171182218
VS & NRc,VS,NRc,non-interacting,22,underattested,0.003257328990228013,0.0,1.0,0.0002106756654416179
NG & PolQ,NG,PolQ,non-interacting,11,underattested,0.36363636363636365,0.07236336620996331,1.0,0.09728314049862667
NG & PolQ,NG,PolQ,non-interacting,12,overattested,0.24055944055944056,0.03875886020376063,1.0,0.092495451211106
NG & PolQ,NG,PolQ,non-interacting,21,overattested,0.27412587412587414,0.06868098450262329,1.0,0.04165968332487709
NG & PolQ,NG,PolQ,non-interacting,22,underattested,0.12167832167832168,0.006742709930281692,1.0,0.03307492126162337
VO & NA,VO,NA,non-interacting,11,overattested,0.19254658385093168,0.12878980669141976,1.0,0.057154931608830443
VO & NA,VO,NA,non-interacting,12,underattested,0.2815734989648033,0.13848664015064255,1.0,0.09105613332714094
VO & NA,VO,NA,non-interacting,21,underattested,0.10559006211180125,0.011567914184339155,1.0,0.02662070543633561
VO & NA,VO,NA,non-interacting,22,overattested,0.42028985507246375,0.16949423273557943,1.0,0.07892280726935527
ND & PolQ,ND,PolQ,non-interacting,11,underattested,0.28613138686131384,0.016430096968727492,1.0,0.07991956260556994
ND & PolQ,ND,PolQ,non-interacting,12,overattested,0.2,0.01670466818815518,1.0,0.03557390652215217
ND & PolQ,ND,PolQ,non-interacting,21,overattested,0.34306569343065696,0.05016763561120711,1.0,0.1190138433776792
ND & PolQ,ND,PolQ,non-interacting,22,underattested,0.1708029197080292,0.013883253956232517,1.0,0.07494469477404223
VO & NegM,VO,NegM,non-interacting,11,overattested,0.2683544303797468,0.11963497388903374,1.0,0.08199758756046407
VO & NegM,VO,NegM,non-interacting,12,underattested,0.22151898734177214,0.05432684419071797,1.0,0.07681281371410892
VO & NegM,VO,NegM,non-interacting,21,underattested,0.10886075949367088,0.01025888056526506,1.0,0.021884073496841322
VO & NegM,VO,NegM,non-interacting,22,overattested,0.4012658227848101,0.09559703006443737,1.0,0.0595927315322006
ND & NRc,ND,NRc,non-interacting,11,underattested,0.23478260869565218,0.012314050340898022,1.0,0.03736373241204513
ND & NRc,ND,NRc,non-interacting,12,overattested,0.1808695652173913,0.031467851970748244,1.0,0.020612707595334494
ND & NRc,ND,NRc,non-interacting,21,overattested,0.5582608695652174,0.10032712681573851,1.0,0.05381474860295996
ND & NRc,ND,NRc,non-interacting,22,underattested,0.02608695652173913,0.0005367959948977923,1.0,0.0026453777271345335
VS & NegM,VS,NegM,non-interacting,11,overattested,0.35006435006435005,0.1295491420883942,1.0,0.09715407347360483
VS & NegM,VS,NegM,non-interacting,12,underattested,0.5057915057915058,0.12528114945957203,1.0,0.12764483773186763
VS & NegM,VS,NegM,non-interacting,21,underattested,0.02574002574002574,0.00031125267788962115,1.0,0.006684380318920457
VS & NegM,VS,NegM,non-interacting,22,overattested,0.11840411840411841,0.015884142488056394,1.0,0.03847242784249121
NG & ND,NG,ND,non-interacting,11,overattested,0.386977886977887,0.08441510137226418,1.0,0.07538583763701943
NG & ND,NG,ND,non-interacting,12,underattested,0.20147420147420148,0.0432395600262797,1.0,0.07063405273027586
NG & ND,NG,ND,non-interacting,21,underattested,0.08968058968058969,0.008221766518347275,1.0,0.039961528298315716
NG & ND,NG,ND,non-interacting,22,overattested,0.32186732186732187,0.09649507074393426,1.0,0.06539534787156291
VS & NA,VS,NA,non-interacting,11,other,0.2507903055848261,0.13280428443894635,1.0,0.07244206983441752
VS & NA,VS,NA,non-interacting,12,other,0.6101159114857745,0.30519142968060153,1.0,0.08043973197652125
VS & NA,VS,NA,non-interacting,21,other,0.04214963119072708,0.00479452153730945,1.0,0.012737993024034366
VS & NA,VS,NA,non-interacting,22,other,0.09694415173867228,0.04527968449727923,1.0,0.017349134156409755
NNum & PolQ,NNum,PolQ,non-interacting,11,other,0.2863372093023256,0.02552260535067083,1.0,0.09824668887112414
NNum & PolQ,NNum,PolQ,non-interacting,12,other,0.17587209302325582,0.023866868889711727,1.0,0.10001123960678185
NNum & PolQ,NNum,PolQ,non-interacting,21,other,0.34738372093023256,0.08969958532367883,1.0,0.06146255975326081
NNum & PolQ,NNum,PolQ,non-interacting,22,other,0.19040697674418605,0.016428076544827704,1.0,0.05898038570190919
NG & NA,NG,NA,non-interacting,11,overattested,0.23469387755102042,0.11179765964393554,1.0,0.054250880187760094
NG & NA,NG,NA,non-interacting,12,underattested,0.3458049886621315,0.11142842871137834,1.0,0.059051614994343124
NG & NA,NG,NA,non-interacting,21,underattested,0.06689342403628118,0.007586889526480492,1.0,0.012123323921119778
NG & NA,NG,NA,non-interacting,22,overattested,0.3526077097505669,0.10979773158072544,1.0,0.04750679805939551
ND & NegM,ND,NegM,non-interacting,11,overattested,0.2222222222222222,0.024751132534558105,1.0,0.07195740098233103
ND & NegM,ND,NegM,non-interacting,12,underattested,0.2814814814814815,0.014855179412657649,1.0,0.07937387186472608
ND & NegM,ND,NegM,non-interacting,21,underattested,0.14814814814814814,0.013391839385229707,1.0,0.059297137280169616
ND & NegM,ND,NegM,non-interacting,22,overattested,0.34814814814814815,0.07571928969848542,1.0,0.08189156338255911
PN & PolQ,PN,PolQ,non-interacting,11,underattested,0.3028485757121439,0.0457717899277698,1.0,0.04747712037293916
PN & PolQ,PN,PolQ,non-interacting,12,overattested,0.22488755622188905,0.022758304275355773,1.0,0.0466616118936839
PN & PolQ,PN,PolQ,non-interacting,21,overattested,0.3268365817091454,0.06907892168674802,1.0,0.038637662374475065
PN & PolQ,PN,PolQ,non-interacting,22,underattested,0.1454272863568216,0.005482516045065576,1.0,0.03656072893756114
VO & NNum,VO,NNum,non-interacting,11,other,0.21040974529346623,0.10154819158466949,1.0,0.04106056907514151
VO & NNum,VO,NNum,non-interacting,12,other,0.2646733111849391,0.1160763933009967,1.0,0.07871205611619768
VO & NNum,VO,NNum,non-interacting,21,other,0.23034330011074197,0.06748023924200755,1.0,0.020950016708475325
VO & NNum,VO,NNum,non-interacting,22,other,0.29457364341085274,0.13579712563825894,1.0,0.060164427591962305
NA & NegM,NA,NegM,non-interacting,11,other,0.13154362416107382,0.05386625837458562,1.0,0.03763763617212212
NA & NegM,NA,NegM,non-interacting,12,other,0.1825503355704698,0.013836021907430756,1.0,0.04224767565601624
NA & NegM,NA,NegM,non-interacting,21,other,0.24295302013422818,0.03180556421046348,1.0,0.08661838464052782
NA & NegM,NA,NegM,non-interacting,22,other,0.4429530201342282,0.1034369263894572,1.0,0.08938526301794877
NegM & PolQ,NegM,PolQ,non-interacting,11,underattested,0.17295597484276728,0.009572211560567822,1.0,0.09186634386226139
NegM & PolQ,NegM,PolQ,non-interacting,12,overattested,0.1792452830188679,0.018005194173029964,1.0,0.07445967674856036
NegM & PolQ,NegM,PolQ,non-interacting,21,overattested,0.4371069182389937,0.06528371512342025,1.0,0.07647634651134115
NegM & PolQ,NegM,PolQ,non-interacting,22,underattested,0.21069182389937108,0.010368831040262904,1.0,0.04733042595001677
NRc & NegM,NRc,NegM,non-interacting,11,underattested,0.19642857142857142,0.008621241620350923,1.0,0.014448726817288872
NRc & NegM,NRc,NegM,non-interacting,12,overattested,0.5972222222222222,0.08320233535281163,1.0,0.02334622711079024
NRc & NegM,NRc,NegM,non-interacting,21,overattested,0.1349206349206349,0.049492540183437385,1.0,0.014475110291934823
NRc & NegM,NRc,NegM,non-interacting,22,underattested,0.07142857142857142,0.0013314682873885124,1.0,0.010698260470301223
PN & NNum,PN,NNum,non-interacting,11,other,0.22119205298013245,0.02051369476455596,1.0,0.017196364227222583
PN & NNum,PN,NNum,non-interacting,12,other,0.28874172185430463,0.07064198301714947,1.0,0.048717072413812894
PN & NNum,PN,NNum,non-interacting,21,other,0.23178807947019867,0.04285371812884908,1.0,0.013961318118478077
PN & NNum,PN,NNum,non-interacting,22,other,0.2582781456953642,0.0938663012078201,1.0,0.039724024840817315
NG & NNum,NG,NNum,non-interacting,11,other,0.27151515151515154,0.08898804487700561,1.0,0.04104081009014076
NG & NNum,NG,NNum,non-interacting,12,other,0.31272727272727274,0.08957494398423335,1.0,0.05103961810677605
NG & NNum,NG,NNum,non-interacting,21,other,0.17575757575757575,0.0410796669955109,1.0,0.012122245563859862
NG & NNum,NG,NNum,non-interacting,22,other,0.24,0.10204650652027876,1.0,0.025907211396633167
NNum & NegM,NNum,NegM,non-interacting,11,underattested,0.15142857142857144,0.0512948527349776,1.0,0.0330053846012846
NNum & NegM,NNum,NegM,non-interacting,12,overattested,0.30428571428571427,0.024879892535658706,1.0,0.034248239130621534
NNum & NegM,NNum,NegM,non-interacting,21,overattested,0.21714285714285714,0.029624157052651097,1.0,0.06495074324334034
NNum & NegM,NNum,NegM,non-interacting,22,underattested,0.3271428571428571,0.11986061792636754,1.0,0.06533822442790921
NRc & PolQ,NRc,PolQ,non-interacting,11,overattested,0.5134615384615384,0.07406060044663024,1.0,0.048825121354639296
NRc & PolQ,NRc,PolQ,non-interacting,12,underattested,0.27884615384615385,0.012482976131064454,1.0,0.03981582246724257
NRc & PolQ,NRc,PolQ,non-interacting,21,underattested,0.10384615384615385,0.0026215533183463597,1.0,0.058504969561290365
NRc & PolQ,NRc,PolQ,non-interacting,22,overattested,0.10384615384615385,0.006633060611804445,1.0,0.05211867741204679
VS & PolQ,VS,PolQ,non-interacting,11,other,0.5182767624020888,0.11583779682368302,1.0,0.1514332221069592
VS & PolQ,VS,PolQ,non-interacting,12,other,0.3302872062663185,0.06498314860444057,1.0,0.12680417972264377
VS & PolQ,VS,PolQ,non-interacting,21,other,0.10052219321148825,0.020725187575970524,1.0,0.06389696395712309
VS & PolQ,VS,PolQ,non-interacting,22,other,0.050913838120104436,0.002463369310926507,1.0,0.03159575763588594
PN & NegM,PN,NegM,non-interacting,11,overattested,0.2628398791540785,0.04348332472008165,1.0,0.05018693900855327
PN & NegM,PN,NegM,non-interacting,12,underattested,0.2598187311178248,0.030158070233233854,1.0,0.042615746317638536
PN & NegM,PN,NegM,non-interacting,21,underattested,0.1042296072507553,0.008467335141318427,1.0,0.013913783860644187
PN & NegM,PN,NegM,non-interacting,22,overattested,0.3731117824773414,0.07309663490091084,1.0,0.045752025118936945
VO & PolQ,VO,PolQ,non-interacting,11,underattested,0.26181353767560667,0.06746292937608381,1.0,0.10762040369871372
VO & PolQ,VO,PolQ,non-interacting,12,overattested,0.2260536398467433,0.048015807637938356,1.0,0.10886064387933782
VO & PolQ,VO,PolQ,non-interacting,21,overattested,0.35887611749680715,0.08420614494058762,1.0,0.07347792842983356
VO & PolQ,VO,PolQ,non-interacting,22,underattested,0.1532567049808429,0.010923646400563165,1.0,0.06607604352572385
VO & ND,VO,ND,non-interacting,11,overattested,0.32700892857142855,0.1064515105124664,1.0,0.10808352799141488
VO & ND,VO,ND,non-interacting,12,underattested,0.14397321428571427,0.04138362731168175,1.0,0.0884315131226688
VO & ND,VO,ND,non-interacting,21,underattested,0.14508928571428573,0.010682547299393854,1.0,0.0533250428620863
VO & ND,VO,ND,non-interacting,22,overattested,0.38392857142857145,0.15823825161187205,1.0,0.09434452983231835
NA & PolQ,NA,PolQ,non-interacting,11,underattested,0.1782312925170068,0.011340942275440562,1.0,0.08037068175740279
NA & PolQ,NA,PolQ,non-interacting,12,overattested,0.13197278911564625,0.02123945989984027,1.0,0.07649146447831393
NA & PolQ,NA,PolQ,non-interacting,21,overattested,0.4448979591836735,0.10269948966862455,1.0,0.1049813816331384
NA & PolQ,NA,PolQ,non-interacting,22,underattested,0.24489795918367346,0.023345354109357216,1.0,0.09592923712639007
VS & ND,VS,ND,non-interacting,11,other,0.39750849377123443,0.11514816555891405,1.0,0.11429670887128796
VS & ND,VS,ND,non-interacting,12,other,0.4665911664779162,0.18052954699963467,1.0,0.1383500586280066
VS & ND,VS,ND,non-interacting,21,other,0.06568516421291053,0.0043484100251761,1.0,0.03665562589372348
VS & ND,VS,ND,non-interacting,22,other,0.07021517553793885,0.03970269856398728,1.0,0.01126664557764383
PN & ND,PN,ND,non-interacting,11,overattested,0.3395472703062583,0.05598292419207011,1.0,0.07240142755328656
PN & ND,PN,ND,non-interacting,12,underattested,0.16910785619174434,0.028636483829089978,1.0,0.06102422477776591
PN & ND,PN,ND,non-interacting,21,underattested,0.12516644474034622,0.009607868191702578,1.0,0.041237066892888224
PN & ND,PN,ND,non-interacting,22,overattested,0.36617842876165113,0.09029639106820807,1.0,0.07054013632956851
NG & NegM,NG,NegM,non-interacting,11,overattested,0.2763888888888889,0.09387543353364738,1.0,0.06318614212382342
NG & NegM,NG,NegM,non-interacting,12,underattested,0.31666666666666665,0.040945252543895916,1.0,0.07246828090575702
NG & NegM,NG,NegM,non-interacting,21,underattested,0.09722222222222222,0.008971856174073796,1.0,0.012333523961928071
NG & NegM,NG,NegM,non-interacting,22,overattested,0.30972222222222223,0.0750433357906477,1.0,0.03292833396696839
