pair,f1,f2,class,phi,phi_pvalue,freq11,freq12,freq21,freq22,absfreq11,absfreq12,absfreq21,absfreq22,pref11,pref12,pref21,pref22,dispref11,dispref12,dispref21,dispref22,pref11_pval,pref12_pval,pref21_pval,pref22_pval,dispref11_pval,dispref12_pval,dispref21_pval,dispref22_pval,degree,JC_11_identity,JC_11_identity_pval,JC_11_nonidentity,JC_11_nonidentity_pval,JC_11_overattested,JC_11_overattested_pval,JC_11_underattested,JC_11_underattested_pval,JC_12_identity,JC_12_identity_pval,JC_12_nonidentity,JC_12_nonidentity_pval,JC_12_overattested,JC_12_overattested_pval,JC_12_underattested,JC_12_underattested_pval,JC_21_identity,JC_21_identity_pval,JC_21_nonidentity,JC_21_nonidentity_pval,JC_21_overattested,JC_21_overattested_pval,JC_21_underattested,JC_21_underattested_pval,JC_22_identity,JC_22_identity_pval,JC_22_nonidentity,JC_22_nonidentity_pval,JC_22_overattested,JC_22_overattested_pval,JC_22_underattested,JC_22_underattested_pval,H,H_pref,H_dispref,N,mean_distance,sd_distance,mean_nsize,pair_ID
VS & VO,VS,VO,target,0.3869751832834035,7.168608054657055e-42,0.4917073170731707,0.36,0.004878048780487805,0.14341463414634145,504,369,5,147,1,0,0,1,0,1,1,0,3.58430402732853e-42,1.0000000000000004,1.0000000000000002,3.58430402732853e-42,1.0000000000000004,3.58430402732853e-42,3.58430402732853e-42,1.0000000000000004,20,0.375997904734184,1.0,0.07261414083110589,1.0,0.7573771111137328,1.0,0.06723283918574094,1.0,0.13051866681216223,1.0,0.10942740678577915,1.0,0.10935581962540918,1.0,0.2611089207846944,1.0,2.826310791806425e-6,1.12,0.0005124294694116252,1.0,0.00043563390884843,1.0,8.244818214680807e-5,1.0,0.05966939150418707,1.0,0.04646258233843896,1.0,0.12467202745116439,1.0,0.041129337895648696,1.0,1.4719648680968027,1.4712804746034767,1.4748878579610347,987,597.2486704762899,564.44618735652,20.0,"Set(SubString{String}[""VS"", ""VO""])"
VS & PN,VS,PN,target,0.3716076176763704,3.4775508354279634e-29,0.5112960760998811,0.3281807372175981,0.016646848989298454,0.14387633769322236,430,276,14,121,1,0,0,1,0,1,1,0,1.738775417713968e-29,1.0000000000000004,1.0,1.738775417713968e-29,1.0000000000000002,1.738775417713968e-29,1.738775417713968e-29,1.0000000000000002,20,0.18030517598289797,1.0,0.04636567367521008,1.0,0.3641649783958684,1.0,0.042811047245137596,1.0,0.07581254980923477,1.0,0.07917286584422972,1.0,0.07902303398986983,1.0,0.15177493147282944,1.0,0.00012852396642153472,1.0,0.0015901529418208178,1.0,0.0014304586114838866,1.0,0.0004167422631800001,1.0,0.034213587590553415,1.0,0.03982252249268488,1.0,0.07190537306238476,1.0,0.03634432461140693,1.0,1.5285247129213795,1.5263033026195698,1.5390457143776146,806,665.5522384282974,598.1902447069629,20.0,"Set(SubString{String}[""VS"", ""PN""])"
VS & NG,VS,NG,target,0.4056652249181693,2.30071022036682e-35,0.574398249452954,0.2713347921225383,0.019693654266958426,0.13457330415754923,525,248,18,123,1,0,0,1,0,1,1,0,1.1503551101834328e-35,0.9999999999999998,0.9999999999999998,1.1503551101834328e-35,0.9999999999999998,1.1503551101834326e-35,1.1503551101834326e-35,0.9999999999999998,20,0.3128886136894078,1.0,0.03573048834022479,1.0,0.6290848799491304,1.0,0.032422835769909855,1.0,0.08389811485601431,1.0,0.07319302517139552,1.0,0.07154488298421172,1.0,0.16944437189921244,1.0,2.0204144300632016e-5,1.0,0.0038195717508592584,1.0,0.002191489040540434,1.0,0.0016684909989200883,1.0,0.037820335259103464,1.0,0.04319442020625304,1.0,0.07887936813765586,1.0,0.0399557225868041,1.0,1.4722529422792419,1.4684481193045533,1.5018534208575223,878,626.2519057329495,582.9190164967318,20.0,"Set(SubString{String}[""VS"", ""NG""])"
VS & NA,VS,NA,target,-0.008911799807087947,0.8560678884318194,0.2507903055848261,0.6101159114857745,0.04214963119072708,0.09694415173867228,238,579,40,92,0,0,0,0,0,0,0,0,0.650341957609617,0.42803394421591034,0.4280339442159102,0.6503419576096172,0.4280339442159101,0.6503419576096172,0.650341957609617,0.4280339442159104,20,0.13280428443894635,1.0,0.07244206983441752,1.0,0.0,2.0,0.0,2.0,0.30519142968060153,1.0,0.08145181236258953,1.0,0.0,2.0,0.0,2.0,0.00479452153730945,1.0,0.012628182915366468,1.0,0.0,2.0,0.0,2.0,0.04527968449727923,1.0,0.016778357454771877,1.0,0.0,2.0,0.0,2.0,1.4560871123320371,,,917,612.7804266617215,573.3471470531829,20.0,"Set(SubString{String}[""NA"", ""VS""])"
VS & ND,VS,ND,target,-0.016017351204693,0.7048114487255221,0.39750849377123443,0.4665911664779162,0.06568516421291053,0.07021517553793885,351,412,58,62,0,0,0,0,0,0,0,0,0.7174937709473638,0.35240572436276063,0.35240572436276063,0.7174937709473639,0.35240572436276063,0.7174937709473638,0.7174937709473638,0.35240572436276063,20,0.11514816555891405,1.0,0.11429670887128798,1.0,0.0,2.0,0.0,2.0,0.18052954699963467,1.0,0.1392242130537865,1.0,0.0,2.0,0.0,2.0,0.0043484100251761,1.0,0.03668937063753746,1.0,0.0,2.0,0.0,2.0,0.03970269856398728,1.0,0.010943294172421398,1.0,0.0,2.0,0.0,2.0,1.561315841789186,,,851,628.1803611673743,581.0734875062637,20.0,"Set(SubString{String}[""ND"", ""VS""])"
VS & NNum,VS,NNum,target,-0.2987395263774891,6.788236369560867e-19,0.3068309070548712,0.5509518477043673,0.11086226203807391,0.03135498320268757,274,492,99,28,0,1,1,0,1,0,0,1,1.0000000000000004,3.394118184780439e-19,3.39411818478044e-19,1.0,3.39411818478044e-19,1.0,1.0000000000000004,3.394118184780439e-19,20,0.10938706618858958,1.0,0.05559830305162792,1.0,0.055036001131522266,1.0,0.21933643429728483,1.0,0.2646577689971894,1.0,0.0880033652710267,1.0,0.5303889896646774,1.0,0.0869299136007283,1.0,0.05147341521330115,1.0,0.007402682787730643,1.0,0.10415211128775385,1.0,0.006197401926579104,1.0,0.0025766002908059592,1.0,0.03723821173186707,1.0,0.03677592605772576,1.0,0.005615486255753225,1.0,1.499900772208557,1.4830782293807117,1.5472830622941305,861,612.195553635947,586.9527062807078,20.0,"Set(SubString{String}[""NNum"", ""VS""])"
VS & NRc,VS,NRc,target,-0.22555743362204075,1.353000802603266e-10,0.6074918566775245,0.20846905537459284,0.18078175895765472,0.003257328990228013,373,128,111,2,0,1,1,0,1,0,0,1,0.9999999999965993,6.765004013016318e-11,6.765004013016318e-11,0.9999999999965983,6.76500401301632e-11,0.9999999999965983,0.9999999999965993,6.76500401301632e-11,20,0.09331565016567266,1.0,0.06286579324535686,1.0,0.06286579324535686,1.0,0.1866313003313453,1.0,0.07906748896111941,1.0,0.023352599703832234,1.0,0.15903268380348948,1.0,0.02245489382258164,1.0,0.031178106661471052,1.0,0.041007203057264456,1.0,0.0631561838742042,1.0,0.040207232506002354,1.0,0.0,2.0,0.0002148372966907288,1.007,0.0002121920391742935,1.0,2.6452575164352707e-6,1.0,1.3690729401238992,1.4128677964179654,1.313444021965057,594,769.806449647155,690.8893084871099,20.0,"Set(SubString{String}[""NRc"", ""VS""])"
VS & NegM,VS,NegM,control,0.16712305920420154,1.9737584709944387e-6,0.35006435006435005,0.5057915057915058,0.02574002574002574,0.11840411840411841,272,393,20,92,1,0,0,1,0,1,1,0,9.868792354972166e-7,0.9999997027510608,0.9999997027510606,9.868792354972166e-7,0.9999997027510609,9.868792354972166e-7,9.868792354972166e-7,0.9999997027510609,20,0.1295491420883942,1.0,0.09715407347360483,1.0,0.2620122113600801,1.0,0.09424014629031299,1.0,0.12528114945957203,1.0,0.12895739966709546,1.0,0.12669211411645764,1.0,0.25282758446978193,1.0,0.00031125267788962115,1.0,0.00660958162018306,1.0,0.004377844419387883,1.0,0.0028542425565744214,1.0,0.015884142488056394,1.0,0.038302524027126944,1.0,0.0345401598600264,1.0,0.03553064914321334,1.0,1.5217138028218753,1.5196513298574073,1.5133141485345525,747,697.6837694540972,649.558673566098,20.0,"Set(SubString{String}[""NegM"", ""VS""])"
VS & PolQ,VS,PolQ,control,-0.03913600765335933,0.3275040566359434,0.5182767624020888,0.3302872062663185,0.10052219321148825,0.050913838120104436,397,253,77,39,0,0,0,0,0,0,0,0,0.882901700307728,0.16375202831797156,0.16375202831797164,0.8829017003077275,0.16375202831797162,0.8829017003077275,0.8829017003077282,0.16375202831797153,20,0.11583779682368302,1.0,0.1514332221069592,1.0,0.0,2.0,0.0,2.0,0.06498314860444057,1.0,0.1257065056217812,1.0,0.0,2.0,0.0,2.0,0.020725187575970524,1.0,0.06359021708119204,1.0,0.0,2.0,0.0,2.0,0.002463369310926507,1.0,0.031679195866944225,1.0,0.0,2.0,0.0,2.0,1.5711477638505573,,,741,681.9189555597204,619.5558212516943,20.0,"Set(SubString{String}[""PolQ"", ""VS""])"
VO & PN,VO,PN,target,0.8902218800767173,1.0752906494906391e-182,0.4716106604866744,0.013904982618771726,0.04171494785631518,0.4727694090382387,407,12,36,408,1,0,0,1,0,1,1,0,5.376453247453872e-183,1.0,1.0,5.376453247453872e-183,1.0,5.376453247453873e-183,5.376453247453873e-183,1.0000000000000002,20,0.17494125926457438,1.0,0.04492542332173842,1.0,0.38975484562038076,1.0,0.005053096230506411,1.0,1.0258877848809341e-6,1.0,0.003765159391265757,1.0,0.0037526414808467137,1.0,1.4569685988805235e-5,1.0,0.001509378120592779,1.0,0.008409933657680708,1.0,0.008398173152132848,1.0,0.0030305167467334203,1.0,0.15179918882552496,1.0,0.04795005066342474,1.0,0.3444953612430447,1.0,0.007053067071430005,1.0,1.3075010945714882,1.3075010945714882,1.3518032806588725,830,666.920450284226,590.7593371503148,20.0,"Set(SubString{String}[""PN"", ""VO""])"
VO & NG,VO,NG,target,0.7126670127042544,1.2341572937719087e-118,0.46516613076098606,0.028938906752411574,0.12111468381564845,0.38478027867095393,434,27,113,359,1,0,0,1,0,1,1,0,6.170786468859667e-119,1.0,1.0,6.170786468859667e-119,1.0,6.170786468859668e-119,6.170786468859667e-119,1.0,20,0.28373691589997396,1.0,0.04360794630740153,1.0,0.5852167103867044,1.0,0.02586506772064502,1.0,0.0017345863626214665,1.0,0.01940142971729278,1.0,0.01794940015961537,1.0,0.004921202282920344,1.0,0.011239322501269546,1.0,0.022148432515866054,1.0,0.020687579538417426,1.0,0.023939497979987723,1.0,0.15758328360360133,1.0,0.029547231764762233,1.0,0.3332370315607909,1.0,0.011476767411174033,1.0,1.5757075321122276,1.5757075321122276,1.6146218619613246,899,628.9739591343165,572.3200405021583,20.0,"Set(SubString{String}[""VO"", ""NG""])"
VO & NA,VO,NA,target,0.2241288370440264,4.427499059268151e-12,0.19254658385093168,0.2815734989648033,0.10559006211180125,0.42028985507246375,186,272,102,406,1,0,0,1,0,1,1,0,2.2137495296340363e-12,0.9999999999992024,0.9999999999992024,2.2137495296340367e-12,0.9999999999992023,2.2137495296340363e-12,2.2137495296340363e-12,0.9999999999992023,20,0.12878980669141976,1.0,0.05715493160883045,1.0,0.2722246766627606,1.0,0.04250986832890941,1.0,0.13848664015064255,1.0,0.0922510317569471,1.0,0.08680641853438065,1.0,0.28241789352385155,1.0,0.011567914184339155,1.0,0.02670575138736363,1.0,0.021176540272716985,1.0,0.028665039483324956,1.0,0.16949423273557943,1.0,0.07853992994737188,1.0,0.3540168620453303,1.0,0.06351153337320048,1.0,1.837238470264128,1.836676393762996,1.8497637057204426,935,621.8109128969174,566.9654685208977,20.0,"Set(SubString{String}[""NA"", ""VO""])"
VO & ND,VO,ND,target,0.41999765404042466,6.7244333742935165e-37,0.32700892857142855,0.14397321428571427,0.14508928571428573,0.38392857142857145,293,129,130,344,1,0,0,1,0,1,1,0,3.3622166871468234e-37,0.9999999999999996,0.9999999999999996,3.3622166871468234e-37,0.9999999999999996,3.362216687146823e-37,3.3622166871468234e-37,0.9999999999999996,20,0.1064515105124664,1.0,0.10808352799141485,1.0,0.2446306629230712,1.0,0.07635588609327654,1.0,0.04138362731168175,1.0,0.08954375695572331,1.0,0.08815186597707406,1.0,0.08415914560201279,1.0,0.010682547299393854,1.0,0.053379796983082685,1.0,0.05194445520812177,1.0,0.022800436373748612,1.0,0.15823825161187205,1.0,0.09364994388907213,1.0,0.34820440727740054,1.0,0.06192203983541571,1.0,1.8644205656281652,1.8641769601840532,1.8833274429890539,866,633.9049220265762,575.2980845632293,20.0,"Set(SubString{String}[""ND"", ""VO""])"
VO & NNum,VO,NNum,target,0.004095673185165469,0.9552703057801619,0.21040974529346623,0.2646733111849391,0.23034330011074197,0.29457364341085274,190,239,208,266,0,0,0,0,0,0,0,0,0.47763515289008107,0.5754612559383085,0.5754612559383083,0.4776351528900812,0.5754612559383084,0.4776351528900812,0.477635152890081,0.5754612559383087,20,0.10154819158466949,1.0,0.041060569075141495,1.0,0.0,2.0,0.0,2.0,0.1160763933009967,1.0,0.07973011154885051,1.0,0.0,2.0,0.0,2.0,0.06748023924200755,1.0,0.021170553886618013,1.0,0.0,2.0,0.0,2.0,0.13579712563825894,1.0,0.059962396226340524,1.0,0.0,2.0,0.0,2.0,1.9867594397570467,,,873,619.8923103108774,582.2751146130031,20.0,"Set(SubString{String}[""NNum"", ""VO""])"
VO & NRc,VO,NRc,target,-0.6398513623383854,8.855588450991068e-62,0.16507936507936508,0.2,0.6285714285714286,0.006349206349206349,104,126,396,4,0,1,1,0,1,0,0,1,1.0000000000000009,4.427794225495525e-62,4.42779422549553e-62,0.9999999999999998,4.42779422549553e-62,0.9999999999999998,1.0000000000000009,4.427794225495525e-62,20,0.008126596801122394,1.0,0.020833254723133215,1.0,0.020833254723133215,1.0,0.016253193602244788,1.0,0.07835459527881963,1.0,0.023461568411794795,1.0,0.17187242195495997,1.0,0.008298337014474062,1.0,0.14988769259659182,1.0,0.0278689437248542,1.0,0.31493858815537906,1.0,0.012705740762658778,1.0,2.762027659840731e-6,1.0,0.0003816566503193592,1.0,0.00037837072989370076,1.0,8.809975745339957e-6,1.0,1.3358219262419047,1.3369667666073126,1.4031454356334234,610,770.4590728678722,684.0981171511078,20.0,"Set(SubString{String}[""NRc"", ""VO""])"
VO & NegM,VO,NegM,control,0.3448966163273468,2.1896914734758757e-22,0.2683544303797468,0.22151898734177214,0.10886075949367088,0.4012658227848101,212,175,86,317,1,0,0,1,0,1,1,0,1.094845736737894e-22,1.0,1.0000000000000004,1.094845736737894e-22,1.0000000000000004,1.0948457367378943e-22,1.094845736737894e-22,0.9999999999999999,20,0.11963497388903374,1.0,0.08199758756046407,1.0,0.2655398347691092,1.0,0.05572770056942242,1.0,0.05432684419071797,1.0,0.07817237540522015,1.0,0.07334920435503572,1.0,0.11347685943162038,1.0,0.01025888056526506,1.0,0.02171403037154711,1.0,0.016982511420639203,1.0,0.025249280081438036,1.0,0.09559703006443737,1.0,0.060188052587217905,1.0,0.21729687865435732,1.0,0.03408523406173532,1.0,1.8628609243821113,1.8628609243821113,1.8939638788817117,761,707.3329134181841,637.7704371025684,20.0,"Set(SubString{String}[""NegM"", ""VO""])"
VO & PolQ,VO,PolQ,control,-0.16904923822885473,3.062111953993827e-6,0.26181353767560667,0.2260536398467433,0.35887611749680715,0.1532567049808429,205,177,281,120,0,1,1,0,1,0,0,1,0.9999992642630093,1.5310559769969216e-6,1.531055976996921e-6,0.9999992642630098,1.531055976996921e-6,0.9999992642630099,0.9999992642630096,1.5310559769969218e-6,20,0.06746292937608381,1.0,0.1076204036987137,1.0,0.10431710855074033,1.0,0.13822915390014096,1.0,0.048015807637938356,1.0,0.10787630325172017,1.0,0.103655972966217,1.0,0.10025194556137991,1.0,0.08420614494058762,1.0,0.07428787068360339,1.0,0.17633672714285478,1.0,0.06636343342192384,1.0,0.010923646400563165,1.0,0.06646832929190588,1.0,0.06314034717647621,1.0,0.025175274916556,1.0,1.9317935506185895,1.9317935506185895,1.92920740630142,758,690.0090776200879,612.090614209562,20.0,"Set(SubString{String}[""PolQ"", ""VO""])"
PN & NG,PN,NG,target,0.8419725170292104,8.04719940959178e-145,0.5139949109414759,0.01653944020356234,0.06361323155216285,0.405852417302799,404,13,50,319,1,0,0,1,0,1,1,0,4.023599704795924e-145,1.0,1.0,4.023599704795924e-145,1.0,4.023599704795924e-145,4.023599704795924e-145,1.0,20,0.14918956733147964,1.0,0.015554115899410095,1.0,0.30698532468157147,1.0,0.006947925880797854,1.0,6.203963406929443e-5,1.0,0.0029041091681349116,1.0,0.002800492399932506,1.0,0.00022769603634099472,1.0,0.006552224805021547,1.0,0.01077121723749613,1.0,0.010674953661342901,1.0,0.013200713186196322,1.0,0.11631333892448031,1.0,0.015253608142916385,1.0,0.24167154716990374,1.0,0.006208738821973247,1.0,1.387517851567416,1.387517851567416,1.5109398404824506,753,691.0758746512785,600.7459579490284,20.0,"Set(SubString{String}[""PN"", ""NG""])"
PN & NA,PN,NA,target,0.20629102919703143,5.898099369497261e-9,0.19478908188585609,0.31017369727047145,0.09801488833746898,0.3970223325062035,157,250,79,320,1,0,0,1,0,1,1,0,2.9490496847486496e-9,0.9999999988694043,0.999999998869404,2.94904968474865e-9,0.9999999988694042,2.94904968474865e-9,2.9490496847486496e-9,0.9999999988694044,20,0.04066466159227841,1.0,0.028558767704823355,1.0,0.08645428452355125,1.0,0.023433806365828917,1.0,0.074388492919363,1.0,0.05792091720152713,1.0,0.054055485775584666,1.0,0.15264241726466848,1.0,0.009070623674428213,1.0,0.019296358301471847,1.0,0.015335010592918818,1.0,0.022102595057409465,1.0,0.09932462970894082,1.0,0.05121899778533615,1.0,0.20389007836142742,1.0,0.04597817884179037,1.0,1.8405094668888595,1.841492046879967,1.838296200738649,777,688.2116974362907,597.3400369506895,20.0,"Set(SubString{String}[""NA"", ""PN""])"
PN & ND,PN,ND,target,0.41376653445405565,2.5648788517910358e-30,0.3395472703062583,0.16910785619174434,0.12516644474034622,0.36617842876165113,255,127,94,275,1,0,0,1,0,1,1,0,1.2824394258955077e-30,1.0000000000000004,1.0000000000000002,1.2824394258955077e-30,1.0000000000000002,1.2824394258955081e-30,1.2824394258955081e-30,1.0000000000000002,20,0.05598292419207011,1.0,0.07240142755328657,1.0,0.13320246215704498,1.0,0.05116481378038181,1.0,0.028636483829089978,1.0,0.061341092424651876,1.0,0.060444614757847584,1.0,0.05816944532498423,1.0,0.009607868191702578,1.0,0.041339237911210296,1.0,0.04038088910003441,1.0,0.020174085194581044,1.0,0.09029639106820807,1.0,0.07080054291116819,1.0,0.20209765582192712,1.0,0.04929566922565719,1.0,1.8698656049306228,1.8630735309281872,1.8893010871904248,720,692.7107662572546,604.0703079916741,20.0,"Set(SubString{String}[""ND"", ""PN""])"
PN & NNum,PN,NNum,target,-0.03937348638970681,0.31309456003635666,0.22119205298013245,0.28874172185430463,0.23178807947019867,0.2582781456953642,167,218,175,195,0,0,0,0,0,0,0,0,0.8759607875871387,0.15654728001817816,0.15654728001817814,0.8759607875871387,0.1565472800181782,0.8759607875871388,0.8759607875871387,0.1565472800181782,20,0.02051369476455596,1.0,0.017196364227222583,1.0,0.0,2.0,0.0,2.0,0.07064198301714947,1.0,0.04856680434937143,1.0,0.0,2.0,0.0,2.0,0.04285371812884908,1.0,0.014207098199684234,1.0,0.0,2.0,0.0,2.0,0.0938663012078201,1.0,0.039655002185934755,1.0,0.0,2.0,0.0,2.0,1.9920075412069982,,,726,682.3262499870057,613.960393869471,20.0,"Set(SubString{String}[""NNum"", ""PN""])"
PN & NRc,PN,NRc,target,-0.6025022611283547,1.4213235077899157e-49,0.19525547445255476,0.19343065693430658,0.6076642335766423,0.0036496350364963502,107,106,333,2,0,1,1,0,1,0,0,1,0.9999999999999996,7.106617538949626e-50,7.106617538949724e-50,1.0,7.106617538949724e-50,1.0,0.9999999999999996,7.106617538949626e-50,20,0.004919911588623846,1.0,0.01267850307692256,1.0,0.012636696690856614,1.0,0.009881629563313635,1.0,0.025518038626478508,1.0,0.01177057525341698,1.0,0.05778043064425159,1.0,0.0050262218621224,1.0,0.11864509676198236,1.0,0.014369908838896498,1.0,0.2440990007156288,1.0,0.007561101647232398,1.0,0.0,1.999,0.00015870920564500858,1.0,0.00011543454180067874,1.0,4.327466384432983e-5,1.0,1.360200409069652,1.360200409069652,1.4221569725222385,530,836.5889824648723,712.1620103979278,20.0,"Set(SubString{String}[""NRc"", ""PN""])"
PN & NegM,PN,NegM,control,0.29485484751350194,3.0029306516010697e-14,0.2628398791540785,0.2598187311178248,0.1042296072507553,0.3731117824773414,174,172,69,247,1,0,0,1,0,1,1,0,1.501465325800531e-14,0.9999999999999957,0.9999999999999957,1.501465325800535e-14,0.9999999999999959,1.5014653258005348e-14,1.501465325800531e-14,0.9999999999999959,20,0.04348332472008165,1.0,0.05018693900855326,1.0,0.10833626550090004,1.0,0.02881732294781653,1.0,0.030158070233233854,1.0,0.043357838204510044,1.0,0.04169293911837705,1.0,0.06198103955260072,1.0,0.008467335141318427,1.0,0.013928113521579357,1.0,0.012213869924344622,1.0,0.018648913879871585,1.0,0.07309663490091084,1.0,0.04612797898331007,1.0,0.16762514503438739,1.0,0.024696103750744363,1.0,1.8783384651557857,1.8783384651557857,1.897514862580398,637,767.515962269008,670.4194078247444,20.0,"Set(SubString{String}[""NegM"", ""PN""])"
PN & PolQ,PN,PolQ,control,-0.12219978256723123,0.002047508573338369,0.3028485757121439,0.22488755622188905,0.3268365817091454,0.1454272863568216,202,150,218,97,0,1,1,0,1,0,0,1,0.9994128308107573,0.0010237542866691853,0.0010237542866691847,0.9994128308107579,0.0010237542866691845,0.9994128308107578,0.9994128308107572,0.0010237542866691853,20,0.0457717899277698,1.0,0.04747712037293915,1.0,0.04349708944459462,1.0,0.09552361078388415,1.0,0.022758304275355773,1.0,0.04645427224911459,1.0,0.050127351957885424,1.0,0.04184352884194073,1.0,0.06907892168674802,1.0,0.03918105222612705,1.0,0.1429831729989644,1.0,0.03435572260065868,1.0,0.005482516045065576,1.0,0.03691872284143102,1.0,0.03286552366386904,1.0,0.015018231267693149,1.0,1.934101825028225,1.9333390919251743,1.93264309110348,644,737.7942642445307,636.7634595507776,20.0,"Set(SubString{String}[""PolQ"", ""PN""])"
NG & NA,NG,NA,target,0.2632585316460487,2.0586397676018273e-15,0.23469387755102042,0.3458049886621315,0.06689342403628118,0.3526077097505669,207,305,59,311,1,0,0,1,0,1,1,0,1.029319883800913e-15,0.9999999999999999,1.0000000000000002,1.0293198838009099e-15,1.0000000000000007,1.02931988380091e-15,1.0293198838009132e-15,0.9999999999999999,20,0.11179765964393554,1.0,0.05425088018776009,1.0,0.23951967051101708,1.0,0.03832652896461414,1.0,0.11142842871137834,1.0,0.05996716251413828,1.0,0.059334180956838664,1.0,0.22348983898005625,1.0,0.007586889526480492,1.0,0.012236094227302326,1.0,0.01153955409708976,1.0,0.01587031918317355,1.0,0.10979773158072544,1.0,0.047766602336048895,1.0,0.2355589870147763,1.0,0.03180307848272343,1.0,1.812816247980825,1.813653141443714,1.81729855022737,853,644.621613103793,575.864701465626,20.0,"Set(SubString{String}[""NA"", ""NG""])"
NG & ND,NG,ND,target,0.4332468755985037,3.353983152879157e-36,0.386977886977887,0.20147420147420148,0.08968058968058969,0.32186732186732187,315,164,73,262,1,0,0,1,0,1,1,0,1.6769915764395105e-36,1.0000000000000002,1.0,1.6769915764395208e-36,1.0000000000000002,1.6769915764395208e-36,1.6769915764395105e-36,1.0000000000000002,20,0.08441510137226418,1.0,0.07538583763701945,1.0,0.18421938855319592,1.0,0.05999665182835189,1.0,0.0432395600262797,1.0,0.07153071405818853,1.0,0.07123433048951638,1.0,0.08677550362123157,1.0,0.008221766518347275,1.0,0.04007286751509891,1.0,0.03973105804627616,1.0,0.016785342505517293,1.0,0.09649507074393426,1.0,0.0657084052242535,1.0,0.20840044538032598,1.0,0.05029810133179609,1.0,1.8320331394353997,1.8320331394353997,1.862230266937911,783,661.8313888799485,580.6361328578299,20.0,"Set(SubString{String}[""ND"", ""NG""])"
NG & NNum,NG,NNum,target,0.04162156689982583,0.26076010649161935,0.27151515151515154,0.31272727272727274,0.17575757575757575,0.24,224,258,145,198,0,0,0,0,0,0,0,0,0.1303800532458096,0.8973989047161164,0.8973989047161162,0.13038005324580965,0.8973989047161162,0.13038005324580962,0.1303800532458096,0.8973989047161166,20,0.08898804487700561,1.0,0.04104081009014076,1.0,0.0,2.0,0.0,2.0,0.08957494398423335,1.0,0.05169415335182109,1.0,0.0,2.0,0.0,2.0,0.0410796669955109,1.0,0.01248531884606651,1.0,0.0,2.0,0.0,2.0,0.10204650652027876,1.0,0.026147620419152248,1.0,0.0,2.0,0.0,2.0,1.9725964600219679,,,796,652.8937437413414,601.7867729622322,20.0,"Set(SubString{String}[""NNum"", ""NG""])"
NG & NRc,NG,NRc,target,-0.5411375013191198,2.483123713639746e-46,0.2559322033898305,0.21016949152542372,0.5305084745762711,0.003389830508474576,151,124,313,2,0,1,1,0,1,0,0,1,1.0,1.2415618568198113e-46,1.2415618568198113e-46,1.0,1.2415618568198115e-46,1.0,1.0,1.2415618568198115e-46,20,0.01410858589322157,1.0,0.016806152925003953,1.0,0.016765537953576732,1.0,0.028257786757870367,1.0,0.07537554003208394,1.0,0.018669514644145922,1.0,0.16210880728959257,1.0,0.007311787418721195,1.0,0.12415032733950516,1.0,0.02082701374937366,1.0,0.2595476119611191,1.0,0.0095800564672649,1.0,0.0,2.0,0.00027942484727277913,1.0,0.00023847009008946278,1.0,4.0954757183316306e-5,1.0,1.477335214005576,1.4758862296522308,1.4967478639456164,573,776.0574384943366,665.062031405352,20.0,"Set(SubString{String}[""NRc"", ""NG""])"
NG & NegM,NG,NegM,control,0.23065669700090669,5.736990446516048e-10,0.2763888888888889,0.31666666666666665,0.09722222222222222,0.30972222222222223,199,228,70,223,1,0,0,1,0,1,1,0,2.868495223257991e-10,0.9999999998992996,0.9999999998992996,2.8684952232579865e-10,0.9999999998992994,2.8684952232579865e-10,2.868495223257991e-10,0.9999999998992993,20,0.09387543353364738,1.0,0.06318614212382344,1.0,0.19448983908191975,1.0,0.05644717010919846,1.0,0.040945252543895916,1.0,0.07357317906889109,1.0,0.07249054266581947,1.0,0.08297314149086343,1.0,0.008971856174073796,1.0,0.012387939988854776,1.0,0.011254919802569794,1.0,0.01907673253443257,1.0,0.0750433357906477,1.0,0.03334804562495938,1.0,0.15686845961889936,1.0,0.02656625758735541,1.0,1.8909982383070107,1.8909679995066448,1.88968066335662,693,732.4099515963838,649.5156151797577,20.0,"Set(SubString{String}[""NegM"", ""NG""])"
NG & PolQ,NG,PolQ,control,-0.09230866420689632,0.016483094501239942,0.36363636363636365,0.24055944055944056,0.27412587412587414,0.12167832167832168,260,172,196,87,0,1,1,0,1,0,0,1,0.9947494403517072,0.00824154725061996,0.00824154725061996,0.9947494403517063,0.008241547250619964,0.9947494403517061,0.9947494403517071,0.00824154725061996,20,0.07236336620996331,1.0,0.09728314049862663,1.0,0.09485429024409192,1.0,0.14715558267446133,1.0,0.03875886020376063,1.0,0.09163038358845135,1.0,0.08184510704992248,1.0,0.0873029969460501,1.0,0.06868098450262329,1.0,0.041999161810349836,1.0,0.14174648045184318,1.0,0.03761465036375325,1.0,0.006742709930281692,1.0,0.03358954148055217,1.0,0.030924346921434174,1.0,0.016150614419681367,1.0,1.9057413785646347,1.905499268199651,1.9024481103576691,691,709.2387923694196,609.9173880464947,20.0,"Set(SubString{String}[""PolQ"", ""NG""])"
NA & ND,NA,ND,target,0.5927886140392971,6.2515988880969886e-74,0.27855477855477856,0.026806526806526808,0.18764568764568765,0.506993006993007,239,23,161,435,1,0,0,1,0,1,1,0,3.1257994440484884e-74,1.0000000000000002,1.0000000000000004,3.1257994440484884e-74,1.0000000000000004,3.1257994440484884e-74,3.1257994440484884e-74,1.0000000000000004,20,0.0760766206205461,1.0,0.056794724160138726,1.0,0.18553557374939023,1.0,0.023412391651840673,1.0,0.002137605494420241,1.0,0.005428979168662367,1.0,0.005214096874330964,1.0,0.004490093283171885,1.0,0.009845015362663037,1.0,0.06915601445045239,1.0,0.06894904296892611,1.0,0.01989700220685235,1.0,0.20922964357647578,1.0,0.08415230375428805,1.0,0.45228806046122066,1.0,0.05032353044601896,1.0,1.589443429300005,1.589128906026585,1.5890283593236263,832,637.8543738211287,569.1983744486098,20.0,"Set(SubString{String}[""ND"", ""NA""])"
NA & NNum,NA,NNum,target,0.5771449234426538,8.637893220440863e-69,0.2626728110599078,0.03686635944700461,0.17626728110599077,0.5241935483870968,228,32,153,455,1,0,0,1,0,1,1,0,4.3189466102204565e-69,1.0000000000000009,1.0000000000000004,4.3189466102204565e-69,1.0000000000000004,4.318946610220457e-69,4.318946610220457e-69,1.0000000000000009,20,0.1044526866355928,1.0,0.05068156449110088,1.0,0.24122368473335865,1.0,0.018363253028927835,1.0,0.0025226621026146747,1.0,0.03059476115456877,1.0,0.030495753560308016,1.0,0.005144331799490093,1.0,0.04930487154935402,1.0,0.015271090852444909,1.0,0.015165105660048122,1.0,0.09871572829110484,1.0,0.2291489362855056,1.0,0.060639657802097735,1.0,0.49188857341143355,1.0,0.02704895696167526,1.0,1.611386762192749,1.6069899605857745,1.6431350002257528,841,625.8158912782792,580.5773001492034,20.0,"Set(SubString{String}[""NNum"", ""NA""])"
NA & NRc,NA,NRc,target,-0.4988098827045218,4.412116987824399e-32,0.14146341463414633,0.14959349593495935,0.656910569105691,0.05203252032520325,87,92,404,32,0,1,1,0,1,0,0,1,1.0,2.2060584939121773e-32,2.206058493912177e-32,1.0000000000000002,2.206058493912177e-32,1.0000000000000002,1.0,2.2060584939121773e-32,20,0.008010531234803248,1.0,0.015820696632669724,1.0,0.015647079914239345,1.0,0.01619467918803688,1.0,0.06777708805994008,1.0,0.020019148138013882,1.0,0.14917163898968488,1.0,0.006401685268209172,1.0,0.11681553121933896,1.0,0.03530940871382342,1.0,0.24715492101884193,1.0,0.021785550133659428,1.0,0.0022379805996158996,1.0,0.013103038149537791,1.0,0.012947896890305866,1.0,0.004631102458463725,1.0,1.4200963544686784,1.4214720887522496,1.5192992289319482,597,766.2513264052844,668.5056792615991,20.0,"Set(SubString{String}[""NA"", ""NRc""])"
NA & NegM,NA,NegM,control,0.06194821919238416,0.10830414757669495,0.13154362416107382,0.1825503355704698,0.24295302013422818,0.4429530201342282,98,136,181,330,0,0,0,0,0,0,0,0,0.05415207378834749,0.9614547313478644,0.9614547313478647,0.05415207378834748,0.9614547313478647,0.054152073788347486,0.0541520737883475,0.9614547313478644,20,0.05386625837458562,1.0,0.03763763617212211,1.0,0.0,2.0,0.0,2.0,0.013836021907430756,1.0,0.04230181022224644,1.0,0.0,2.0,0.0,2.0,0.03180556421046348,1.0,0.08661733735510493,1.0,0.0,2.0,0.0,2.0,0.1034369263894572,1.0,0.09010809198796904,1.0,0.0,2.0,0.0,2.0,1.8402709738865708,,,720,719.9378398929613,647.9317776356377,20.0,"Set(SubString{String}[""NegM"", ""NA""])"
NA & PolQ,NA,PolQ,control,-0.06720893626927762,0.08266316791653039,0.1782312925170068,0.13197278911564625,0.4448979591836735,0.24489795918367346,131,97,327,180,0,1,1,0,1,0,0,1,0.9712031596151819,0.04133158395826513,0.04133158395826515,0.9712031596151813,0.04133158395826516,0.9712031596151813,0.9712031596151821,0.04133158395826513,20,0.011340942275440562,1.0,0.08037068175740282,1.0,0.07340455520847441,1.0,0.0296480110998095,1.0,0.02123945989984027,1.0,0.07637679367393227,1.0,0.05203150996243866,1.0,0.06682420351117416,1.0,0.10269948966862455,1.0,0.10436579004894508,1.0,0.21516011931255394,1.0,0.0946046500736402,1.0,0.023345354109357216,1.0,0.09601199454047929,1.0,0.08932951002275513,1.0,0.05337319273643859,1.0,1.844839052402851,1.842424759438766,1.846238641415052,714,707.0711154564789,614.6390850129337,20.0,"Set(SubString{String}[""PolQ"", ""NA""])"
ND & NNum,ND,NNum,target,0.5338092550454228,1.519157181972893e-54,0.3431372549019608,0.1213235294117647,0.11029411764705882,0.4252450980392157,280,99,90,347,1,0,0,1,0,1,1,0,7.59578590986436e-55,1.0,1.0,7.59578590986436e-55,1.0,7.59578590986436e-55,7.59578590986436e-55,1.0,20,0.05433574320322174,1.0,0.04466155739925326,1.0,0.1241025040137639,1.0,0.02923053979193284,1.0,0.013559424117593333,1.0,0.10096227173190411,1.0,0.10010632103901743,1.0,0.027974798928073343,1.0,0.04728515944011633,1.0,0.012381797597829505,1.0,0.011479714871094324,1.0,0.09547240160696785,1.0,0.14764059554082054,1.0,0.098288293826855,1.0,0.3112972413676435,1.0,0.08227224354085264,1.0,1.7647970275913827,1.7650490140638788,1.7785006512064259,788,640.3404445863642,576.312194873991,20.0,"Set(SubString{String}[""NNum"", ""ND""])"
ND & NRc,ND,NRc,target,-0.4750482405462648,6.4713284830940905e-31,0.23478260869565218,0.1808695652173913,0.5582608695652174,0.02608695652173913,135,104,321,15,0,1,1,0,1,0,0,1,1.0000000000000002,3.2356642415470133e-31,3.2356642415470133e-31,1.0000000000000002,3.2356642415470133e-31,1.0,1.0,3.2356642415470133e-31,20,0.012314050340898022,1.0,0.03736373241204512,1.0,0.03731811656492053,1.0,0.024673716528920624,1.0,0.031467851970748244,1.0,0.02059357107200388,1.0,0.08019049281817846,1.0,0.003338782195321909,1.0,0.10032712681573851,1.0,0.05347732675106172,1.0,0.21787600010250385,1.0,0.03625558028003485,1.0,0.0005367959948977923,1.0,0.0026802959083642016,1.0,0.002635479846614731,1.0,0.001118408051545056,1.0,1.5250513962614152,1.524251106020912,1.5625475042437271,560,784.9215995115063,672.360608802021,20.0,"Set(SubString{String}[""ND"", ""NRc""])"
ND & NegM,ND,NegM,control,0.14771582824590185,0.00016543102262678162,0.2222222222222222,0.2814814814814815,0.14814814814814814,0.34814814814814815,150,190,100,235,1,0,0,1,0,1,1,0,8.271551131339104e-5,0.9999570442271057,0.9999570442271053,8.271551131339105e-5,0.9999570442271053,8.271551131339107e-5,8.271551131339104e-5,0.9999570442271057,20,0.024751132534558105,1.0,0.07195740098233101,1.0,0.06977015510693818,1.0,0.05168951094450905,1.0,0.014855179412657649,1.0,0.0794949167755376,1.0,0.06681600434771284,1.0,0.04238927125314004,1.0,0.013391839385229707,1.0,0.05931649326345585,1.0,0.046684637666828746,1.0,0.03941553436708651,1.0,0.07571928969848542,1.0,0.08201781317240348,1.0,0.1719965030881875,1.0,0.06145988948118679,1.0,1.9323657522852575,1.932696941850782,1.9305213535277348,652,730.6836852863876,646.8044997980384,20.0,"Set(SubString{String}[""NegM"", ""ND""])"
ND & PolQ,ND,PolQ,control,-0.0817716426704688,0.039258408308463326,0.28613138686131384,0.2,0.34306569343065696,0.1708029197080292,196,137,235,117,0,1,1,0,1,0,0,1,0.9867879675156974,0.019629204154231663,0.019629204154231653,0.986787967515698,0.019629204154231656,0.986787967515698,0.9867879675156975,0.019629204154231663,20,0.016430096968727492,1.0,0.07991956260556993,1.0,0.069658823590412,1.0,0.04312093295261291,1.0,0.01670466818815518,1.0,0.035513811980377244,1.0,0.043531821651577915,1.0,0.025391326705109712,1.0,0.05016763561120711,1.0,0.1188591014999264,1.0,0.11067697774119953,1.0,0.10851739498114107,1.0,0.013883253956232517,1.0,0.07527707296302107,1.0,0.06507189765961163,1.0,0.037971683215874456,1.0,1.9431621547476812,1.9437975525838347,1.9433395372433535,665,712.8572149203889,612.0859071118743,20.0,"Set(SubString{String}[""PolQ"", ""ND""])"
NNum & NRc,NNum,NRc,target,-0.17014851588983154,5.964224315390621e-5,0.3299145299145299,0.1282051282051282,0.46495726495726497,0.07692307692307693,193,75,272,45,0,1,1,0,1,0,0,1,0.9999878655922786,2.982112157695322e-5,2.982112157695319e-5,0.9999878655922787,2.9821121576953194e-5,0.9999878655922787,0.9999878655922788,2.982112157695322e-5,20,0.0434707434955062,1.0,0.0066208580115860866,1.0,0.006135569338261924,1.0,0.08742677566433657,1.0,0.052966343733162044,1.0,0.010119893894570204,1.0,0.1104641990247931,1.0,0.005588382336101151,1.0,0.11122812091501383,1.0,0.019740953877732927,1.0,0.2268921555707467,1.0,0.015305040137013918,1.0,0.007837849046986221,1.0,0.015507468881707707,1.0,0.015077471863158535,1.0,0.016105695112521613,1.0,1.698214701442926,1.700511404480439,1.742420993132447,569,771.4177305768769,687.1997202675512,20.0,"Set(SubString{String}[""NNum"", ""NRc""])"
NNum & NegM,NNum,NegM,control,-0.0688198024813784,0.08116679703278265,0.15142857142857144,0.30428571428571427,0.21714285714285714,0.3271428571428571,106,213,152,229,0,1,1,0,1,0,0,1,0.971404519045625,0.040583398516391214,0.040583398516391235,0.971404519045625,0.04058339851639123,0.971404519045625,0.9714045190456249,0.040583398516391214,20,0.0512948527349776,1.0,0.0330053846012846,1.0,0.027461164555261937,1.0,0.10813392551597788,1.0,0.024879892535658706,1.0,0.034405049671220836,1.0,0.055731691789724105,1.0,0.028433142952814135,1.0,0.029624157052651097,1.0,0.06490313731611125,1.0,0.06512644468518422,1.0,0.05902500673622922,1.0,0.11986061792636754,1.0,0.06567534920244981,1.0,0.05985107132974126,1.0,0.24554551372544361,1.0,1.9365313644086477,1.9359729607983063,1.9386995033317054,676,718.8204992373057,652.0331184012083,20.0,"Set(SubString{String}[""NNum"", ""NegM""])"
NNum & PolQ,NNum,PolQ,control,-0.027370431945482325,0.5229419508976607,0.2863372093023256,0.17587209302325582,0.34738372093023256,0.19040697674418605,197,121,239,131,0,0,0,0,0,0,0,0,0.7873983398710872,0.2614709754488306,0.2614709754488306,0.7873983398710873,0.2614709754488306,0.7873983398710873,0.7873983398710873,0.2614709754488306,20,0.02552260535067083,1.0,0.09824668887112417,1.0,0.0,2.0,0.0,2.0,0.023866868889711727,1.0,0.09996214018027344,1.0,0.0,2.0,0.0,2.0,0.08969958532367883,1.0,0.06131962071110629,1.0,0.0,2.0,0.0,2.0,0.016428076544827704,1.0,0.05926047014657838,1.0,0.0,2.0,0.0,2.0,1.9431164167859796,,,669,698.4097046986618,618.8667862382908,20.0,"Set(SubString{String}[""PolQ"", ""NNum""])"
NRc & NegM,NRc,NegM,control,-0.34935714734452894,5.0652564348663876e-14,0.19642857142857142,0.5972222222222222,0.1349206349206349,0.07142857142857142,99,301,68,36,0,1,1,0,1,0,0,1,0.9999999999999957,2.532628217433239e-14,2.5326282174332276e-14,0.9999999999999958,2.532628217433228e-14,0.9999999999999958,0.9999999999999957,2.5326282174332392e-14,20,0.008621241620350923,1.0,0.014448726817288874,1.0,0.014040118999803175,1.0,0.017651091058187542,1.0,0.08320233535281163,1.0,0.023086593119708176,1.0,0.17315045358067643,1.0,0.016340810244655,1.0,0.049492540183437385,1.0,0.014480782981841467,1.0,0.10574889538982585,1.0,0.007716967958890357,1.0,0.0013314682873885124,1.0,0.010688466330934931,1.0,0.0102722259817478,1.0,0.0030791769239641533,1.0,1.5274313803784407,1.5274313803784407,1.5559503168549698,488,880.6799756224593,736.6429568577583,20.0,"Set(SubString{String}[""NegM"", ""NRc""])"
NRc & PolQ,NRc,PolQ,control,0.12357028557053099,0.007278043121602732,0.5134615384615384,0.27884615384615385,0.10384615384615385,0.10384615384615385,267,145,54,54,1,0,0,1,0,1,1,0,0.003639021560801375,0.9981495293423095,0.9981495293423096,0.0036390215608013733,0.9981495293423095,0.0036390215608013733,0.003639021560801375,0.9981495293423094,20,0.07406060044663024,1.0,0.048825121354639296,1.0,0.1508620271265743,1.0,0.0460842951213255,1.0,0.012482976131064454,1.0,0.040064469209419945,1.0,0.03863514634518271,1.0,0.026395275126366136,1.0,0.0026215533183463597,1.0,0.05847591028902724,1.0,0.05706867663874302,1.0,0.006650340286976945,1.0,0.006633060611804445,1.0,0.05202761652846666,1.0,0.015963407878194374,1.0,0.04933032987388113,1.0,1.6695088222901033,1.6662891327291192,1.6727274956241163,505,836.5860901145803,689.717578984252,20.0,"Set(SubString{String}[""PolQ"", ""NRc""])"
NegM & PolQ,NegM,PolQ,control,-0.17988983494367314,9.25888851102725e-6,0.17295597484276728,0.1792452830188679,0.4371069182389937,0.21069182389937108,110,114,278,134,0,1,1,0,1,0,0,1,0.9999979198648906,4.629444255513625e-6,4.629444255513621e-6,0.9999979198648905,4.6294442555136215e-6,0.9999979198648905,0.9999979198648906,4.629444255513627e-6,20,0.009572211560567822,1.0,0.09186634386226142,1.0,0.08485133058537268,1.0,0.026159436398024333,1.0,0.018005194173029964,1.0,0.07440165196150468,1.0,0.04889502834676031,1.0,0.061517011960804294,1.0,0.06528371512342025,1.0,0.07704575085335487,1.0,0.14389037669715998,1.0,0.06372280440303543,1.0,0.010368831040262904,1.0,0.047659976388449016,1.0,0.040602951184966096,1.0,0.027794687284008746,1.0,1.8696372927240816,1.8690595789855862,1.8674349340508707,615,767.7061027850589,682.9639038003215,20.0,"Set(SubString{String}[""PolQ"", ""NegM""])"
